-- ============================================================
--  PAWTASTIC вЂ” DATOS SIMULADOS PARA DEMO / COMERCIAL
--  Insertar DESPUГ‰S de correr pawtastic_01.sql
-- ============================================================

SET FOREIGN_KEY_CHECKS = 0;

-- в”Ђв”Ђв”Ђв”Ђв”Ђв”Ђв”Ђв”Ђв”Ђв”Ђв”Ђв”Ђв”Ђв”Ђв”Ђв”Ђв”Ђв”Ђв”Ђв”Ђв”Ђв”Ђв”Ђв”Ђв”Ђв”Ђв”Ђв”Ђв”Ђв”Ђв”Ђв”Ђв”Ђв”Ђв”Ђв”Ђв”Ђв”Ђв”Ђв”Ђв”Ђв”Ђв”Ђв”Ђв”Ђв”Ђв”Ђв”Ђв”Ђв”Ђв”Ђв”Ђв”Ђв”Ђв”Ђв”Ђв”Ђв”Ђв”Ђв”Ђ
-- tb_raza  (ampliar catГЎlogo)
-- в”Ђв”Ђв”Ђв”Ђв”Ђв”Ђв”Ђв”Ђв”Ђв”Ђв”Ђв”Ђв”Ђв”Ђв”Ђв”Ђв”Ђв”Ђв”Ђв”Ђв”Ђв”Ђв”Ђв”Ђв”Ђв”Ђв”Ђв”Ђв”Ђв”Ђв”Ђв”Ђв”Ђв”Ђв”Ђв”Ђв”Ђв”Ђв”Ђв”Ђв”Ђв”Ђв”Ђв”Ђв”Ђв”Ђв”Ђв”Ђв”Ђв”Ђв”Ђв”Ђв”Ђв”Ђв”Ђв”Ђв”Ђв”Ђв”Ђв”Ђ
INSERT INTO `tb_raza` (`id`, `nombre`, `descripcion`, `id_especie`) VALUES
(6,  'Chihuahua',       'Perro pequeГ±o muy expresivo',         1),
(7,  'Golden Retriever','Perro familiar y cariГ±oso',           1),
(8,  'Bulldog FrancГ©s', 'Perro compacto y juguetГіn',           1),
(9,  'Poodle',          'Perro inteligente de pelo rizado',    1),
(10, 'Shih Tzu',        'Perro de compaГ±Г­a pelo largo',        1),
(11, 'Maine Coon',      'Gato grande y sociable',              2),
(12, 'BengalГ­',         'Gato de pelaje atigrado',             2),
(13, 'Angora',          'Gato de pelo largo y sedoso',         2),
(14, 'Holland Lop',     'Conejo de orejas caГ­das',             3);

-- в”Ђв”Ђв”Ђв”Ђв”Ђв”Ђв”Ђв”Ђв”Ђв”Ђв”Ђв”Ђв”Ђв”Ђв”Ђв”Ђв”Ђв”Ђв”Ђв”Ђв”Ђв”Ђв”Ђв”Ђв”Ђв”Ђв”Ђв”Ђв”Ђв”Ђв”Ђв”Ђв”Ђв”Ђв”Ђв”Ђв”Ђв”Ђв”Ђв”Ђв”Ђв”Ђв”Ђв”Ђв”Ђв”Ђв”Ђв”Ђв”Ђв”Ђв”Ђв”Ђв”Ђв”Ђв”Ђв”Ђв”Ђв”Ђв”Ђв”Ђ
-- tb_tipo_cita  (ampliar)
-- в”Ђв”Ђв”Ђв”Ђв”Ђв”Ђв”Ђв”Ђв”Ђв”Ђв”Ђв”Ђв”Ђв”Ђв”Ђв”Ђв”Ђв”Ђв”Ђв”Ђв”Ђв”Ђв”Ђв”Ђв”Ђв”Ђв”Ђв”Ђв”Ђв”Ђв”Ђв”Ђв”Ђв”Ђв”Ђв”Ђв”Ђв”Ђв”Ђв”Ђв”Ђв”Ђв”Ђв”Ђв”Ђв”Ђв”Ђв”Ђв”Ђв”Ђв”Ђв”Ђв”Ђв”Ђв”Ђв”Ђв”Ђв”Ђв”Ђв”Ђ
INSERT INTO `tb_tipo_cita` (`id`, `nombre`, `descripcion`, `id_State`) VALUES
(4, 'EstГ©tica',  'BaГ±o, corte y arreglo',                  13),
(5, 'Urgente',   'AtenciГіn de emergencia inmediata',        13),
(6, 'RevisiГіn',  'Chequeo mГ©dico preventivo',               13);

-- в”Ђв”Ђв”Ђв”Ђв”Ђв”Ђв”Ђв”Ђв”Ђв”Ђв”Ђв”Ђв”Ђв”Ђв”Ђв”Ђв”Ђв”Ђв”Ђв”Ђв”Ђв”Ђв”Ђв”Ђв”Ђв”Ђв”Ђв”Ђв”Ђв”Ђв”Ђв”Ђв”Ђв”Ђв”Ђв”Ђв”Ђв”Ђв”Ђв”Ђв”Ђв”Ђв”Ђв”Ђв”Ђв”Ђв”Ђв”Ђв”Ђв”Ђв”Ђв”Ђв”Ђв”Ђв”Ђв”Ђв”Ђв”Ђв”Ђв”Ђ
-- tb_propietarios  (agregar mГЎs dueГ±os)
-- в”Ђв”Ђв”Ђв”Ђв”Ђв”Ђв”Ђв”Ђв”Ђв”Ђв”Ђв”Ђв”Ђв”Ђв”Ђв”Ђв”Ђв”Ђв”Ђв”Ђв”Ђв”Ђв”Ђв”Ђв”Ђв”Ђв”Ђв”Ђв”Ђв”Ђв”Ђв”Ђв”Ђв”Ђв”Ђв”Ђв”Ђв”Ђв”Ђв”Ђв”Ђв”Ђв”Ђв”Ђв”Ђв”Ђв”Ђв”Ђв”Ђв”Ђв”Ђв”Ђв”Ђв”Ђв”Ђв”Ђв”Ђв”Ђв”Ђв”Ђ
INSERT INTO `tb_propietarios` (`id`, `id_usuario_web`, `id_usuario_movil`, `nombre`, `apellidos`, `telefono`, `direccion`, `estado`, `created_at`) VALUES
(4,  NULL, NULL, 'Valeria',   'Mendoza',    '5554441122', 'Insurgentes Sur 890',          '1', '2026-04-10 09:00:00'),
(5,  NULL, NULL, 'Roberto',   'SГЎnchez',    '5557778899', 'Av. Universidad 310',          '1', '2026-04-12 10:30:00'),
(6,  NULL, NULL, 'Ana',       'Flores',     '5553334455', 'Calle Morelos 55',             '1', '2026-04-15 11:00:00'),
(7,  NULL, NULL, 'Diego',     'HernГЎndez',  '5556667788', 'Paseo de las Palmas 12',       '1', '2026-04-18 08:45:00'),
(8,  NULL, NULL, 'SofГ­a',     'RamГ­rez',    '5551239876', 'Lomas de Chapultepec 403',     '1', '2026-04-20 14:00:00'),
(9,  NULL, NULL, 'Miguel',    'Torres',     '5559990011', 'Calzada del Hueso 78',         '1', '2026-04-22 16:30:00'),
(10, NULL, NULL, 'Fernanda',  'Castillo',   '5552223344', 'Av. RevoluciГіn 1600',          '1', '2026-04-25 09:15:00'),
(11, NULL, NULL, 'AndrГ©s',    'Morales',    '5558885566', 'CoyoacГЎn Centro 22',           '1', '2026-05-01 10:00:00');

-- в”Ђв”Ђв”Ђв”Ђв”Ђв”Ђв”Ђв”Ђв”Ђв”Ђв”Ђв”Ђв”Ђв”Ђв”Ђв”Ђв”Ђв”Ђв”Ђв”Ђв”Ђв”Ђв”Ђв”Ђв”Ђв”Ђв”Ђв”Ђв”Ђв”Ђв”Ђв”Ђв”Ђв”Ђв”Ђв”Ђв”Ђв”Ђв”Ђв”Ђв”Ђв”Ђв”Ђв”Ђв”Ђв”Ђв”Ђв”Ђв”Ђв”Ђв”Ђв”Ђв”Ђв”Ђв”Ђв”Ђв”Ђв”Ђв”Ђв”Ђ
-- tb_mascotas  (agregar mГЎs mascotas, incluyendo Nessy)
-- в”Ђв”Ђв”Ђв”Ђв”Ђв”Ђв”Ђв”Ђв”Ђв”Ђв”Ђв”Ђв”Ђв”Ђв”Ђв”Ђв”Ђв”Ђв”Ђв”Ђв”Ђв”Ђв”Ђв”Ђв”Ђв”Ђв”Ђв”Ђв”Ђв”Ђв”Ђв”Ђв”Ђв”Ђв”Ђв”Ђв”Ђв”Ђв”Ђв”Ђв”Ђв”Ђв”Ђв”Ђв”Ђв”Ђв”Ђв”Ђв”Ђв”Ђв”Ђв”Ђв”Ђв”Ђв”Ђв”Ђв”Ђв”Ђв”Ђв”Ђ
INSERT INTO `tb_mascotas` (`id`, `id_propietario`, `nombre`, `id_especie`, `id_raza`, `fecha_nacimiento`, `estado`, `created_at`, `descripcion`) VALUES
(4,  4,  'Nessy',   1, 6,  '2023-03-14', '1', '2026-04-10 09:10:00', 'Chihuahua hembra muy activa y curiosa'),
(5,  5,  'Max',     1, 7,  '2021-07-20', '1', '2026-04-12 10:40:00', 'Golden Retriever juguetГіn'),
(6,  6,  'Luna',    1, 8,  '2022-05-05', '1', '2026-04-15 11:10:00', 'Bulldog FrancГ©s tranquila'),
(7,  7,  'Rocky',   1, 2,  '2020-11-30', '1', '2026-04-18 09:00:00', 'Pastor AlemГЎn guardiГЎn'),
(8,  8,  'Coco',    2, 11, '2022-09-18', '1', '2026-04-20 14:10:00', 'Maine Coon muy sociable'),
(9,  9,  'Bella',   1, 10, '2023-01-08', '1', '2026-04-22 16:40:00', 'Shih Tzu de pelo largo'),
(10, 10, 'Thor',    1, 9,  '2021-04-22', '1', '2026-04-25 09:20:00', 'Poodle inteligente color beige'),
(11, 11, 'Mochi',   2, 12, '2023-06-11', '1', '2026-05-01 10:10:00', 'BengalГ­ atigrado muy activo'),
(12, 4,  'Kira',    2, 13, '2022-12-01', '1', '2026-05-05 11:00:00', 'Angora blanca y esponjosa'),
(13, 5,  'Bono',    3, 14, '2024-02-14', '1', '2026-05-10 12:00:00', 'Holland Lop gris adorable');

-- в”Ђв”Ђв”Ђв”Ђв”Ђв”Ђв”Ђв”Ђв”Ђв”Ђв”Ђв”Ђв”Ђв”Ђв”Ђв”Ђв”Ђв”Ђв”Ђв”Ђв”Ђв”Ђв”Ђв”Ђв”Ђв”Ђв”Ђв”Ђв”Ђв”Ђв”Ђв”Ђв”Ђв”Ђв”Ђв”Ђв”Ђв”Ђв”Ђв”Ђв”Ђв”Ђв”Ђв”Ђв”Ђв”Ђв”Ђв”Ђв”Ђв”Ђв”Ђв”Ђв”Ђв”Ђв”Ђв”Ђв”Ђв”Ђв”Ђв”Ђ
-- tb_expediente
-- в”Ђв”Ђв”Ђв”Ђв”Ђв”Ђв”Ђв”Ђв”Ђв”Ђв”Ђв”Ђв”Ђв”Ђв”Ђв”Ђв”Ђв”Ђв”Ђв”Ђв”Ђв”Ђв”Ђв”Ђв”Ђв”Ђв”Ђв”Ђв”Ђв”Ђв”Ђв”Ђв”Ђв”Ђв”Ђв”Ђв”Ђв”Ђв”Ђв”Ђв”Ђв”Ђв”Ђв”Ђв”Ђв”Ђв”Ђв”Ђв”Ђв”Ђв”Ђв”Ђв”Ђв”Ђв”Ђв”Ђв”Ђв”Ђв”Ђв”Ђ
INSERT INTO `tb_expediente` (`id`, `id_mascota`, `historial`, `fecha_apertura`) VALUES
(4,  4,  'Primera visita. Nessy en excelente estado. Vacuna antirrГЎbica aplicada.',            '2026-04-10 09:15:00'),
(5,  5,  'Max presenta sobrepeso leve. Dieta recomendada.',                                    '2026-04-12 10:45:00'),
(6,  6,  'Luna con dermatitis leve. Tratamiento tГіpico iniciado.',                             '2026-04-15 11:15:00'),
(7,  7,  'Rocky con displasia de cadera en observaciГіn.',                                      '2026-04-18 09:05:00'),
(8,  8,  'Coco sano. DesparasitaciГіn interna aplicada.',                                       '2026-04-20 14:15:00'),
(9,  9,  'Bella con nudo en pelo. EstГ©tica y revisiГіn general.',                               '2026-04-22 16:45:00'),
(10, 10, 'Thor con otitis leve oГ­do izquierdo. Gotas recetadas.',                              '2026-04-25 09:25:00'),
(11, 11, 'Mochi primera consulta. Todo en orden.',                                             '2026-05-01 10:15:00'),
(12, 12, 'Kira con pelaje opaco. Suplemento vitamГ­nico indicado.',                             '2026-05-05 11:05:00'),
(13, 13, 'Bono revisiГіn de dientes. Dieta de heno recomendada.',                              '2026-05-10 12:05:00');

-- в”Ђв”Ђв”Ђв”Ђв”Ђв”Ђв”Ђв”Ђв”Ђв”Ђв”Ђв”Ђв”Ђв”Ђв”Ђв”Ђв”Ђв”Ђв”Ђв”Ђв”Ђв”Ђв”Ђв”Ђв”Ђв”Ђв”Ђв”Ђв”Ђв”Ђв”Ђв”Ђв”Ђв”Ђв”Ђв”Ђв”Ђв”Ђв”Ђв”Ђв”Ђв”Ђв”Ђв”Ђв”Ђв”Ђв”Ђв”Ђв”Ђв”Ђв”Ђв”Ђв”Ђв”Ђв”Ђв”Ђв”Ђв”Ђв”Ђв”Ђ
-- tb_usuario_web  (agregar veterinarios y staff)
-- в”Ђв”Ђв”Ђв”Ђв”Ђв”Ђв”Ђв”Ђв”Ђв”Ђв”Ђв”Ђв”Ђв”Ђв”Ђв”Ђв”Ђв”Ђв”Ђв”Ђв”Ђв”Ђв”Ђв”Ђв”Ђв”Ђв”Ђв”Ђв”Ђв”Ђв”Ђв”Ђв”Ђв”Ђв”Ђв”Ђв”Ђв”Ђв”Ђв”Ђв”Ђв”Ђв”Ђв”Ђв”Ђв”Ђв”Ђв”Ђв”Ђв”Ђв”Ђв”Ђв”Ђв”Ђв”Ђв”Ђв”Ђв”Ђв”Ђв”Ђ
INSERT INTO `tb_usuario_web` (`id`, `id_clinica`, `usuario`, `nombre`, `apellidos`, `tipo_rol`, `especialidad`, `cedula`, `telefono`, `email`, `contrasenia`, `created_at`, `activo`) VALUES
(8,  4, 'dra_sofia',  'SofГ­a',    'Aguilar',   'veterinario',    'Medicina general',    'VET-2281', '5550001111', 'sofia@pawtastic.mx',   '1234', '2026-04-01 08:00:00', 1),
(9,  4, 'dr_carlos',  'Carlos',   'Mendoza',   'veterinario',    'CirugГ­a veterinaria', 'VET-4492', '5550002222', 'carlos@pawtastic.mx',  '1234', '2026-04-01 08:00:00', 1),
(10, 4, 'ana_staff',  'Ana',      'GutiГ©rrez', 'recepcionista',  NULL,                  NULL,       '5550003333', 'ana@pawtastic.mx',     '1234', '2026-04-01 08:00:00', 1);

-- в”Ђв”Ђв”Ђв”Ђв”Ђв”Ђв”Ђв”Ђв”Ђв”Ђв”Ђв”Ђв”Ђв”Ђв”Ђв”Ђв”Ђв”Ђв”Ђв”Ђв”Ђв”Ђв”Ђв”Ђв”Ђв”Ђв”Ђв”Ђв”Ђв”Ђв”Ђв”Ђв”Ђв”Ђв”Ђв”Ђв”Ђв”Ђв”Ђв”Ђв”Ђв”Ђв”Ђв”Ђв”Ђв”Ђв”Ђв”Ђв”Ђв”Ђв”Ђв”Ђв”Ђв”Ђв”Ђв”Ђв”Ђв”Ђв”Ђв”Ђ
-- tb_citas  (citas de hoy + historial reciente)
-- Las citas de HOY usan NOW() para que siempre aparezcan
-- в”Ђв”Ђв”Ђв”Ђв”Ђв”Ђв”Ђв”Ђв”Ђв”Ђв”Ђв”Ђв”Ђв”Ђв”Ђв”Ђв”Ђв”Ђв”Ђв”Ђв”Ђв”Ђв”Ђв”Ђв”Ђв”Ђв”Ђв”Ђв”Ђв”Ђв”Ђв”Ђв”Ђв”Ђв”Ђв”Ђв”Ђв”Ђв”Ђв”Ђв”Ђв”Ђв”Ђв”Ђв”Ђв”Ђв”Ђв”Ђв”Ђв”Ђв”Ђв”Ђв”Ђв”Ђв”Ђв”Ђв”Ђв”Ђв”Ђв”Ђ
INSERT INTO `tb_citas` (`id`, `id_mascota`, `id_usuario_web`, `id_usuario_movil`, `motivo`, `fecha`, `fecha_reg`, `id_tipo_cita`, `id_state`) VALUES
-- Citas de HOY
(1,  4,  8,  NULL, 'VacunaciГіn anual - refuerzo',          DATE_FORMAT(NOW(), '%Y-%m-%d 09:00:00'), NOW(), 1,  14),
(2,  5,  8,  NULL, 'Control de peso y dieta',              DATE_FORMAT(NOW(), '%Y-%m-%d 09:30:00'), NOW(), 6,  13),
(3,  6,  8,  NULL, 'BaГ±o y corte de pelo',                 DATE_FORMAT(NOW(), '%Y-%m-%d 10:00:00'), NOW(), 4,  15),
(4,  7,  9,  NULL, 'Dolor en pata trasera - urgente',      DATE_FORMAT(NOW(), '%Y-%m-%d 10:30:00'), NOW(), 5,  14),
(5,  8,  8,  NULL, 'DesparasitaciГіn interna',              DATE_FORMAT(NOW(), '%Y-%m-%d 11:00:00'), NOW(), 3,  13),
(6,  9,  8,  NULL, 'RevisiГіn general semestral',           DATE_FORMAT(NOW(), '%Y-%m-%d 11:30:00'), NOW(), 6,  13),
(7,  10, 9,  NULL, 'RevisiГіn post-operaciГіn cadera',       DATE_FORMAT(NOW(), '%Y-%m-%d 12:00:00'), NOW(), 6,  14),
(8,  11, 8,  NULL, 'Primera consulta',                     DATE_FORMAT(NOW(), '%Y-%m-%d 12:30:00'), NOW(), 6,  13),
(9,  12, 8,  NULL, 'Suplemento vitamГ­nico seguimiento',    DATE_FORMAT(NOW(), '%Y-%m-%d 13:00:00'), NOW(), 6,  13),
(10, 13, 9,  NULL, 'RevisiГіn dental',                      DATE_FORMAT(NOW(), '%Y-%m-%d 13:30:00'), NOW(), 6,  13),
-- Citas pasadas (historial)
(11, 4,  8,  NULL, 'Primera consulta Nessy',               '2026-04-10 09:00:00', '2026-04-10 08:50:00', 6,  16),
(12, 5,  8,  NULL, 'VacunaciГіn mГєltiple',                  '2026-04-12 10:00:00', '2026-04-12 09:50:00', 1,  16),
(13, 6,  8,  NULL, 'Tratamiento dermatitis',               '2026-04-15 11:00:00', '2026-04-15 10:50:00', 6,  16),
(14, 7,  9,  NULL, 'RadiografГ­a cadera',                   '2026-04-18 09:00:00', '2026-04-18 08:50:00', 6,  16),
(15, 1,  8,  NULL, 'DesparasitaciГіn Firulais',             '2026-05-05 10:00:00', '2026-05-05 09:50:00', 3,  16),
(16, 2,  8,  NULL, 'RevisiГіn Michi',                       '2026-05-10 11:00:00', '2026-05-10 10:50:00', 6,  16);

-- в”Ђв”Ђв”Ђв”Ђв”Ђв”Ђв”Ђв”Ђв”Ђв”Ђв”Ђв”Ђв”Ђв”Ђв”Ђв”Ђв”Ђв”Ђв”Ђв”Ђв”Ђв”Ђв”Ђв”Ђв”Ђв”Ђв”Ђв”Ђв”Ђв”Ђв”Ђв”Ђв”Ђв”Ђв”Ђв”Ђв”Ђв”Ђв”Ђв”Ђв”Ђв”Ђв”Ђв”Ђв”Ђв”Ђв”Ђв”Ђв”Ђв”Ђв”Ђв”Ђв”Ђв”Ђв”Ђв”Ђв”Ђв”Ђв”Ђв”Ђ
-- tb_diagnosticos
-- в”Ђв”Ђв”Ђв”Ђв”Ђв”Ђв”Ђв”Ђв”Ђв”Ђв”Ђв”Ђв”Ђв”Ђв”Ђв”Ђв”Ђв”Ђв”Ђв”Ђв”Ђв”Ђв”Ђв”Ђв”Ђв”Ђв”Ђв”Ђв”Ђв”Ђв”Ђв”Ђв”Ђв”Ђв”Ђв”Ђв”Ђв”Ђв”Ђв”Ђв”Ђв”Ђв”Ђв”Ђв”Ђв”Ђв”Ђв”Ђв”Ђв”Ђв”Ђв”Ђв”Ђв”Ђв”Ђв”Ђв”Ђв”Ђв”Ђв”Ђ
INSERT INTO `tb_diagnosticos` (`id`, `id_expediente`, `id_cita`, `descripcion`, `tratamiento`, `fecha_registro`) VALUES
(1, 4,  11, 'Nessy en perfecto estado. Sin anomalГ­as detectadas.',                    'Vacuna antirrГЎbica aplicada. PrГіxima visita en 12 meses.',              '2026-04-10 09:20:00'),
(2, 5,  12, 'Max con sobrepeso de 2 kg. CondiciГіn corporal 4/5.',                    'Dieta baja en calorГ­as. Reducir premios. Control mensual.',             '2026-04-12 10:20:00'),
(3, 6,  13, 'Luna presenta dermatitis alГ©rgica leve en zona dorsal.',                'Shampoo medicado 2 veces/semana. Crema betametasona local.',            '2026-04-15 11:20:00'),
(4, 7,  14, 'Rocky con signos de displasia de cadera bilateral grado I.',            'Antiinflamatorio 5 dГ­as. Reposo relativo. RadiografГ­a de control.',    '2026-04-18 09:20:00'),
(5, 1,  15, 'Firulais sano. ParГЎsitos internos negativos.',                          'Desparasitante oral aplicado. Repetir en 6 meses.',                    '2026-05-05 10:20:00'),
(6, 2,  16, 'Michi con condiciГіn corporal ideal. Coat brillante.',                   'Continuar dieta actual. RevisiГіn anual.',                               '2026-05-10 11:20:00');

-- в”Ђв”Ђв”Ђв”Ђв”Ђв”Ђв”Ђв”Ђв”Ђв”Ђв”Ђв”Ђв”Ђв”Ђв”Ђв”Ђв”Ђв”Ђв”Ђв”Ђв”Ђв”Ђв”Ђв”Ђв”Ђв”Ђв”Ђв”Ђв”Ђв”Ђв”Ђв”Ђв”Ђв”Ђв”Ђв”Ђв”Ђв”Ђв”Ђв”Ђв”Ђв”Ђв”Ђв”Ђв”Ђв”Ђв”Ђв”Ђв”Ђв”Ђв”Ђв”Ђв”Ђв”Ђв”Ђв”Ђв”Ђв”Ђв”Ђв”Ђ
-- tb_diagnostico_medicamento
-- в”Ђв”Ђв”Ђв”Ђв”Ђв”Ђв”Ђв”Ђв”Ђв”Ђв”Ђв”Ђв”Ђв”Ђв”Ђв”Ђв”Ђв”Ђв”Ђв”Ђв”Ђв”Ђв”Ђв”Ђв”Ђв”Ђв”Ђв”Ђв”Ђв”Ђв”Ђв”Ђв”Ђв”Ђв”Ђв”Ђв”Ђв”Ђв”Ђв”Ђв”Ђв”Ђв”Ђв”Ђв”Ђв”Ђв”Ђв”Ђв”Ђв”Ђв”Ђв”Ђв”Ђв”Ђв”Ђв”Ђв”Ђв”Ђв”Ђв”Ђ
INSERT INTO `tb_diagnostico_medicamento` (`id`, `id_diagnostico`, `id_producto`, `dosis`, `frecuencia`, `duracion_dias`) VALUES
(1, 3, 3, '5 ml',  'Cada 3 dГ­as en baГ±o',  30),
(2, 4, 4, '1 tab', 'Cada 24 horas',         5),
(3, 5, 7, '1 tab', 'Dosis Гєnica',            1);

-- в”Ђв”Ђв”Ђв”Ђв”Ђв”Ђв”Ђв”Ђв”Ђв”Ђв”Ђв”Ђв”Ђв”Ђв”Ђв”Ђв”Ђв”Ђв”Ђв”Ђв”Ђв”Ђв”Ђв”Ђв”Ђв”Ђв”Ђв”Ђв”Ђв”Ђв”Ђв”Ђв”Ђв”Ђв”Ђв”Ђв”Ђв”Ђв”Ђв”Ђв”Ђв”Ђв”Ђв”Ђв”Ђв”Ђв”Ђв”Ђв”Ђв”Ђв”Ђв”Ђв”Ђв”Ђв”Ђв”Ђв”Ђв”Ђв”Ђв”Ђ
-- tb_venta  (ventas pasadas)
-- в”Ђв”Ђв”Ђв”Ђв”Ђв”Ђв”Ђв”Ђв”Ђв”Ђв”Ђв”Ђв”Ђв”Ђв”Ђв”Ђв”Ђв”Ђв”Ђв”Ђв”Ђв”Ђв”Ђв”Ђв”Ђв”Ђв”Ђв”Ђв”Ђв”Ђв”Ђв”Ђв”Ђв”Ђв”Ђв”Ђв”Ђв”Ђв”Ђв”Ђв”Ђв”Ђв”Ђв”Ђв”Ђв”Ђв”Ђв”Ђв”Ђв”Ђв”Ђв”Ђв”Ђв”Ђв”Ђв”Ђв”Ђв”Ђв”Ђв”Ђ
INSERT INTO `tb_venta` (`id`, `id_cita`, `id_usuario_web`, `id_usuario_movil`, `metodo_pago`, `total`, `fecha`, `fecha_reg`, `id_State`) VALUES
(1, 11, 8,  NULL, 'E', 250.00, '2026-04-10 09:30:00', '2026-04-10 09:30:00', 2),
(2, 12, 8,  NULL, 'T', 850.00, '2026-04-12 10:30:00', '2026-04-12 10:30:00', 2),
(3, 13, 8,  NULL, 'E', 120.00, '2026-04-15 11:30:00', '2026-04-15 11:30:00', 2),
(4, 14, 9,  NULL, 'T', 140.00, '2026-04-18 09:30:00', '2026-04-18 09:30:00', 2),
(5, 15, 8,  NULL, 'E', 140.00, '2026-05-05 10:30:00', '2026-05-05 10:30:00', 2),
(6, 16, 8,  NULL, 'T', 180.00, '2026-05-10 11:30:00', '2026-05-10 11:30:00', 2);

-- в”Ђв”Ђв”Ђв”Ђв”Ђв”Ђв”Ђв”Ђв”Ђв”Ђв”Ђв”Ђв”Ђв”Ђв”Ђв”Ђв”Ђв”Ђв”Ђв”Ђв”Ђв”Ђв”Ђв”Ђв”Ђв”Ђв”Ђв”Ђв”Ђв”Ђв”Ђв”Ђв”Ђв”Ђв”Ђв”Ђв”Ђв”Ђв”Ђв”Ђв”Ђв”Ђв”Ђв”Ђв”Ђв”Ђв”Ђв”Ђв”Ђв”Ђв”Ђв”Ђв”Ђв”Ђв”Ђв”Ђв”Ђв”Ђв”Ђв”Ђ
-- tb_detalle_venta
-- в”Ђв”Ђв”Ђв”Ђв”Ђв”Ђв”Ђв”Ђв”Ђв”Ђв”Ђв”Ђв”Ђв”Ђв”Ђв”Ђв”Ђв”Ђв”Ђв”Ђв”Ђв”Ђв”Ђв”Ђв”Ђв”Ђв”Ђв”Ђв”Ђв”Ђв”Ђв”Ђв”Ђв”Ђв”Ђв”Ђв”Ђв”Ђв”Ђв”Ђв”Ђв”Ђв”Ђв”Ђв”Ђв”Ђв”Ђв”Ђв”Ђв”Ђв”Ђв”Ђв”Ђв”Ђв”Ђв”Ђв”Ђв”Ђв”Ђв”Ђ
INSERT INTO `tb_detalle_venta` (`id`, `id_perdida`, `id_venta`, `precio_unitario`, `subtotal`, `id_producto`, `cantidad`) VALUES
(1, NULL, 1, 250.00, 250.00, 4, 1),
(2, NULL, 2, 850.00, 850.00, 1, 1),
(3, NULL, 3, 120.00, 120.00, 3, 1),
(4, NULL, 4, 140.00, 140.00, 7, 1),
(5, NULL, 5, 140.00, 140.00, 7, 1),
(6, NULL, 6, 180.00, 180.00, 2, 1);

-- в”Ђв”Ђв”Ђв”Ђв”Ђв”Ђв”Ђв”Ђв”Ђв”Ђв”Ђв”Ђв”Ђв”Ђв”Ђв”Ђв”Ђв”Ђв”Ђв”Ђв”Ђв”Ђв”Ђв”Ђв”Ђв”Ђв”Ђв”Ђв”Ђв”Ђв”Ђв”Ђв”Ђв”Ђв”Ђв”Ђв”Ђв”Ђв”Ђв”Ђв”Ђв”Ђв”Ђв”Ђв”Ђв”Ђв”Ђв”Ђв”Ђв”Ђв”Ђв”Ђв”Ђв”Ђв”Ђв”Ђв”Ђв”Ђв”Ђв”Ђ
-- tb_entrada  (entradas de inventario)
-- в”Ђв”Ђв”Ђв”Ђв”Ђв”Ђв”Ђв”Ђв”Ђв”Ђв”Ђв”Ђв”Ђв”Ђв”Ђв”Ђв”Ђв”Ђв”Ђв”Ђв”Ђв”Ђв”Ђв”Ђв”Ђв”Ђв”Ђв”Ђв”Ђв”Ђв”Ђв”Ђв”Ђв”Ђв”Ђв”Ђв”Ђв”Ђв”Ђв”Ђв”Ђв”Ђв”Ђв”Ђв”Ђв”Ђв”Ђв”Ђв”Ђв”Ђв”Ђв”Ђв”Ђв”Ђв”Ђв”Ђв”Ђв”Ђв”Ђв”Ђ
INSERT INTO `tb_entrada` (`id`, `fecha`, `total`, `id_State`) VALUES
(1, '2026-04-01 08:00:00', 6500.00, 9),
(2, '2026-05-01 08:00:00', 3200.00, 9);

-- в”Ђв”Ђв”Ђв”Ђв”Ђв”Ђв”Ђв”Ђв”Ђв”Ђв”Ђв”Ђв”Ђв”Ђв”Ђв”Ђв”Ђв”Ђв”Ђв”Ђв”Ђв”Ђв”Ђв”Ђв”Ђв”Ђв”Ђв”Ђв”Ђв”Ђв”Ђв”Ђв”Ђв”Ђв”Ђв”Ђв”Ђв”Ђв”Ђв”Ђв”Ђв”Ђв”Ђв”Ђв”Ђв”Ђв”Ђв”Ђв”Ђв”Ђв”Ђв”Ђв”Ђв”Ђв”Ђв”Ђв”Ђв”Ђв”Ђв”Ђ
-- tb_detalle_entrada
-- в”Ђв”Ђв”Ђв”Ђв”Ђв”Ђв”Ђв”Ђв”Ђв”Ђв”Ђв”Ђв”Ђв”Ђв”Ђв”Ђв”Ђв”Ђв”Ђв”Ђв”Ђв”Ђв”Ђв”Ђв”Ђв”Ђв”Ђв”Ђв”Ђв”Ђв”Ђв”Ђв”Ђв”Ђв”Ђв”Ђв”Ђв”Ђв”Ђв”Ђв”Ђв”Ђв”Ђв”Ђв”Ђв”Ђв”Ђв”Ђв”Ђв”Ђв”Ђв”Ђв”Ђв”Ђв”Ђв”Ђв”Ђв”Ђв”Ђв”Ђ
INSERT INTO `tb_detalle_entrada` (`id`, `id_entrada`, `costo_unitario`, `id_producto`) VALUES
(1, 1, 650.00, 1),
(2, 1, 120.00, 2),
(3, 1,  75.00, 3),
(4, 1, 180.00, 4),
(5, 2,  90.00, 7),
(6, 2, 150.00, 8);

-- в”Ђв”Ђв”Ђв”Ђв”Ђв”Ђв”Ђв”Ђв”Ђв”Ђв”Ђв”Ђв”Ђв”Ђв”Ђв”Ђв”Ђв”Ђв”Ђв”Ђв”Ђв”Ђв”Ђв”Ђв”Ђв”Ђв”Ђв”Ђв”Ђв”Ђв”Ђв”Ђв”Ђв”Ђв”Ђв”Ђв”Ђв”Ђв”Ђв”Ђв”Ђв”Ђв”Ђв”Ђв”Ђв”Ђв”Ђв”Ђв”Ђв”Ђв”Ђв”Ђв”Ђв”Ђв”Ђв”Ђв”Ђв”Ђв”Ђв”Ђ
-- tb_cierre_caja
-- в”Ђв”Ђв”Ђв”Ђв”Ђв”Ђв”Ђв”Ђв”Ђв”Ђв”Ђв”Ђв”Ђв”Ђв”Ђв”Ђв”Ђв”Ђв”Ђв”Ђв”Ђв”Ђв”Ђв”Ђв”Ђв”Ђв”Ђв”Ђв”Ђв”Ђв”Ђв”Ђв”Ђв”Ђв”Ђв”Ђв”Ђв”Ђв”Ђв”Ђв”Ђв”Ђв”Ђв”Ђв”Ђв”Ђв”Ђв”Ђв”Ђв”Ђв”Ђв”Ђв”Ђв”Ђв”Ђв”Ђв”Ђв”Ђв”Ђв”Ђ
INSERT INTO `tb_cierre_caja` (`id`, `id_venta`, `fecha_registro`, `total_tarjeta`, `total_efectivo`, `total_general`, `id_State`) VALUES
(1, 1, '2026-04-10 18:00:00', 0.00,   250.00, 250.00, 8),
(2, 2, '2026-04-12 18:00:00', 850.00,   0.00, 850.00, 8),
(3, 3, '2026-04-15 18:00:00', 0.00,   120.00, 120.00, 8),
(4, 5, '2026-05-05 18:00:00', 0.00,   140.00, 140.00, 8),
(5, 6, '2026-05-10 18:00:00', 180.00,   0.00, 180.00, 8);

-- в”Ђв”Ђв”Ђв”Ђв”Ђв”Ђв”Ђв”Ђв”Ђв”Ђв”Ђв”Ђв”Ђв”Ђв”Ђв”Ђв”Ђв”Ђв”Ђв”Ђв”Ђв”Ђв”Ђв”Ђв”Ђв”Ђв”Ђв”Ђв”Ђв”Ђв”Ђв”Ђв”Ђв”Ђв”Ђв”Ђв”Ђв”Ђв”Ђв”Ђв”Ђв”Ђв”Ђв”Ђв”Ђв”Ђв”Ђв”Ђв”Ђв”Ђв”Ђв”Ђв”Ђв”Ђв”Ђв”Ђв”Ђв”Ђв”Ђв”Ђ
-- tb_alerta_stock  (productos cerca del mГ­nimo)
-- в”Ђв”Ђв”Ђв”Ђв”Ђв”Ђв”Ђв”Ђв”Ђв”Ђв”Ђв”Ђв”Ђв”Ђв”Ђв”Ђв”Ђв”Ђв”Ђв”Ђв”Ђв”Ђв”Ђв”Ђв”Ђв”Ђв”Ђв”Ђв”Ђв”Ђв”Ђв”Ђв”Ђв”Ђв”Ђв”Ђв”Ђв”Ђв”Ђв”Ђв”Ђв”Ђв”Ђв”Ђв”Ђв”Ђв”Ђв”Ђв”Ђв”Ђв”Ђв”Ђв”Ђв”Ђв”Ђв”Ђв”Ђв”Ђв”Ђв”Ђ
INSERT INTO `tb_alerta_stock` (`id`, `id_producto`, `existencia`, `stock_minimo`, `fecha`, `resuelta`) VALUES
(1, 4, 10, 3, '2026-05-20 08:00:00', 0),
(2, 6,  8, 2, '2026-05-20 08:00:00', 0);

-- в”Ђв”Ђв”Ђв”Ђв”Ђв”Ђв”Ђв”Ђв”Ђв”Ђв”Ђв”Ђв”Ђв”Ђв”Ђв”Ђв”Ђв”Ђв”Ђв”Ђв”Ђв”Ђв”Ђв”Ђв”Ђв”Ђв”Ђв”Ђв”Ђв”Ђв”Ђв”Ђв”Ђв”Ђв”Ђв”Ђв”Ђв”Ђв”Ђв”Ђв”Ђв”Ђв”Ђв”Ђв”Ђв”Ђв”Ђв”Ђв”Ђв”Ђв”Ђв”Ђв”Ђв”Ђв”Ђв”Ђв”Ђв”Ђв”Ђв”Ђ
-- tb_bitacora  (actividad reciente del sistema)
-- в”Ђв”Ђв”Ђв”Ђв”Ђв”Ђв”Ђв”Ђв”Ђв”Ђв”Ђв”Ђв”Ђв”Ђв”Ђв”Ђв”Ђв”Ђв”Ђв”Ђв”Ђв”Ђв”Ђв”Ђв”Ђв”Ђв”Ђв”Ђв”Ђв”Ђв”Ђв”Ђв”Ђв”Ђв”Ђв”Ђв”Ђв”Ђв”Ђв”Ђв”Ђв”Ђв”Ђв”Ђв”Ђв”Ђв”Ђв”Ђв”Ђв”Ђв”Ђв”Ђв”Ђв”Ђв”Ђв”Ђв”Ђв”Ђв”Ђв”Ђ
INSERT INTO `tb_bitacora` (`id`, `fecha_hora`, `id_usuario_web`, `modulo`, `detalle`) VALUES
(1,  '2026-04-10 09:35:00', 8,  'Citas',      'Cita registrada para Nessy - VacunaciГіn'),
(2,  '2026-04-12 10:35:00', 8,  'Citas',      'Cita registrada para Max - VacunaciГіn mГєltiple'),
(3,  '2026-04-15 11:35:00', 8,  'Ventas',     'Venta #3 registrada - Shampoo Antipulgas'),
(4,  '2026-04-18 09:35:00', 9,  'Citas',      'Cita urgente Rocky - RadiografГ­a cadera'),
(5,  '2026-05-05 10:35:00', 8,  'Inventario', 'Entrada de inventario registrada'),
(6,  '2026-05-10 11:35:00', 8,  'Ventas',     'Venta #6 registrada - Arena para Gato'),
(7,  '2026-05-22 09:00:00', 6,  'Usuarios',   'Usuario luz creado por administrador'),
(8,  '2026-05-28 08:00:00', 8,  'SesiГіn',     'Inicio de sesiГіn dra_sofia'),
(9,  '2026-05-28 08:05:00', 10, 'SesiГіn',     'Inicio de sesiГіn ana_staff'),
(10, '2026-05-28 08:10:00', 9,  'SesiГіn',     'Inicio de sesiГіn dr_carlos');

SET FOREIGN_KEY_CHECKS = 1;

-- ============================================================
-- FIN DEL SCRIPT
-- Nessy (Chihuahua, id=4) tiene cita HOY a las 09:00
-- Usuarios nuevos: dra_sofia / 1234 | dr_carlos / 1234
-- ============================================================
